{"cameraMode":{"drawMode":0,"name":"Shaded","section":"Shading Mode"},"sceneLighting":false,"audioPlay":false,"sceneViewState":{"m_AlwaysRefresh":false,"showFog":true,"showSkybox":false,"showFlares":true,"showImageEffects":true,"showParticleSystems":true,"showVisualEffectGraphs":true,"m_FxEnabled":true},"in2DMode":false,"pivot":{"x":0.0029999911785125734,"y":-0.014999985694885254,"z":0.5839999914169312},"rotation":{"x":-0.17965278029441834,"y":0.12446650117635727,"z":-0.0229233019053936,"w":-0.975583016872406},"size":0.32711610198020937,"orthographic":false}