{"cameraMode":{"drawMode":0,"name":"Shaded","section":"Shading Mode"},"sceneLighting":false,"audioPlay":false,"sceneViewState":{"m_AlwaysRefresh":false,"showFog":true,"showSkybox":false,"showFlares":true,"showImageEffects":true,"showParticleSystems":true,"showVisualEffectGraphs":true,"m_FxEnabled":true},"in2DMode":false,"pivot":{"x":28.211109161376954,"y":28.438312530517579,"z":79.78678894042969},"rotation":{"x":0.028724797070026399,"y":0.7191147804260254,"z":0.029784923419356347,"w":-0.6936843395233154},"size":16.118793487548829,"orthographic":false}