{"cameraMode":{"drawMode":0,"name":"Shaded","section":"Shading Mode"},"sceneLighting":false,"audioPlay":false,"sceneViewState":{"m_AlwaysRefresh":false,"showFog":true,"showSkybox":false,"showFlares":true,"showImageEffects":true,"showParticleSystems":true,"showVisualEffectGraphs":true,"m_FxEnabled":true},"in2DMode":false,"pivot":{"x":107.66039276123047,"y":75.96343231201172,"z":67.05684661865235},"rotation":{"x":-0.06127195060253143,"y":0.6542837023735046,"z":-0.053315773606300357,"w":-0.7518888115882874},"size":147.04298400878907,"orthographic":false}