{"cameraMode":{"drawMode":0,"name":"Shaded","section":"Shading Mode"},"sceneLighting":false,"audioPlay":false,"sceneViewState":{"m_AlwaysRefresh":false,"showFog":true,"showSkybox":false,"showFlares":true,"showImageEffects":true,"showParticleSystems":true,"showVisualEffectGraphs":true,"m_FxEnabled":true},"in2DMode":false,"pivot":{"x":0.000008651873940834776,"y":0.000007860671757953241,"z":0.0000053398844102048319},"rotation":{"x":-0.17965278029441834,"y":0.12446650117635727,"z":-0.0229233019053936,"w":-0.975583016872406},"size":0.000017320508050033823,"orthographic":false}