{"cameraMode":{"drawMode":0,"name":"Shaded","section":"Shading Mode"},"sceneLighting":true,"audioPlay":false,"sceneViewState":{"m_AlwaysRefresh":false,"showFog":true,"showSkybox":true,"showFlares":true,"showImageEffects":true,"showParticleSystems":true,"showVisualEffectGraphs":true,"m_FxEnabled":true},"in2DMode":false,"pivot":{"x":10.108631134033204,"y":15.572802543640137,"z":90.57294464111328},"rotation":{"x":0.1478266566991806,"y":-0.42005741596221926,"z":0.06957181543111801,"w":0.8927121162414551},"size":134.33819580078126,"orthographic":false}